"orf"	"chr"	"gene"	"geneflag"	"WtMean"	"MutMean"	"fold.mut.by.wt"	"p"	"p.paired"	"type"
"orf19.3198"	"Chr5"	"OBPa/OBPA"	1	1755.6	187.85	0.11	0.01	0	"bottom05"
"orf19.3199"	"Chr5"	"PIKa/PIKA"	1	1154.47	293.57	0.25	0.03	0.01	"bottom05"
"orf19.3895"	"Chr5"	"CHT2"	1	3733.15	949.74	0.25	0.02	0.02	"bottom05"
"orf19.NACSU55"	"Chr5"	"CSU55"	1	615.2	159.96	0.26	0.46	0.46	"bottom05"
"orf19.NACSU52"	"Chr5"	"CSU52"	1	592.88	169.83	0.29	0.11	0.11	"bottom05"
"orf19.3982"	"Chr5"		1	1191.98	348.02	0.29	0.13	0.1	"bottom05"
"orf19.NAASU51"	"Chr5"	"ASU51"	1	2064.54	689.96	0.33	0.37	0.3	"bottom05"
"orf19.3197"	"Chr5"	"PAPa(PAP1)/PAP1"	1	1263.99	455.93	0.36	0	0	"bottom05"
"orf19.3190"	"Chr5"	"HAL9c/HAL9/ZNC3"	1	437.71	183.69	0.42	0	0	"bottom05"
"orf19.4235"	"Chr5"	"PDE1"	1	796.08	340.15	0.43	0.28	0.29	"bottom05"
"orf19.3981"	"Chr5"	"MAL31"	1	745.44	335.47	0.45	0.02	0	"bottom05"
"orf19.6298"	"Chr5"	"SBP4"	1	465.18	219.11	0.47	0	0	"bottom05"
"orf19.4274"	"Chr5"	"PUT1"	1	2160.19	1046.24	0.48	0.37	0.21	"bottom05"
"orf19.1960"	"Chr5"	"CLN3/CLN2"	1	781.09	381.31	0.49	0.06	0.01	"bottom05"
"orf19.4000"	"Chr5"	"PHO2"	1	913.14	450.75	0.49	0	0	"bottom05"
"orf19.4301"	"Chr5"		1	769.1	380.4	0.49	0.01	0	"bottom05"
"orf19.1963"	"Chr5"	"GDS1"	1	1806.68	905.82	0.5	0.05	0.04	"bottom05"
"orf19.5685"	"Chr5"	"THS1"	1	4847.27	2433.2	0.5	0.05	0.06	"bottom05"
"orf19.4295"	"Chr5"	"HIR2"	1	565.93	288.02	0.51	0.01	0	"bottom05"
"orf19.1977"	"Chr5"	"URA4"	1	2920.28	1487.88	0.51	0.17	0.1	"bottom05"
"orf19.4258"	"Chr5"	"FIP1"	1	1550.51	794.25	0.51	0.22	0.25	"bottom05"
"orf19.4324"	"Chr5"		1	336.15	172.75	0.51	0.06	0.05	"bottom05"
"orf19.3954"	"Chr5"	"PSD2"	1	879.5	454.56	0.52	0.11	0.04	"bottom05"
"orf19.4242"	"Chr5"	"CST20(STE20)/CST20/STE20"	1	577.57	298.85	0.52	0.01	0.02	"bottom05"
"orf19.1956"	"Chr5"		1	1621.65	840.07	0.52	0.13	0.04	"bottom05"
"orf19.6294"	"Chr5"	"MYO1"	1	641.04	332.78	0.52	0.01	0	"bottom05"
"orf19.940"	"Chr5"	"BUD2(CLA2:ERC25)/BUD2"	1	465.58	242.15	0.52	0	0	"bottom05"
"orf19.941"	"Chr5"	"SEC14"	1	4032.1	2117.35	0.53	0.09	0	"bottom05"
"orf19.4308"	"Chr5"	"HSL1"	1	1113.45	588.84	0.53	0.08	0.01	"bottom05"
"orf19.1945"	"Chr5"	"AUR1"	1	1027.34	547.3	0.53	0	0.01	"bottom05"
"orf19.4136"	"Chr5"	"TOF1"	1	731.62	390.07	0.53	0.16	0.04	"bottom05"
"orf19.3969"	"Chr5"	"HSR1"	1	622.49	332.67	0.53	0	0	"bottom05"
"orf19.3893"	"Chr5"	"SCW11"	1	2315.77	1238.57	0.53	0.17	0.08	"bottom05"
"orf19.3984"	"Chr5"		1	515.1	275.54	0.53	0.02	0.03	"bottom05"
"orf19.4257"	"Chr5"	"INT1/BUD4"	1	638.33	343.08	0.54	0.1	0.05	"bottom05"
"orf19.3216"	"Chr5"		1	1463.72	789.56	0.54	0.22	0.05	"bottom05"
"orf19.568"	"Chr5"	"SPE2"	1	3429.34	1850.79	0.54	0.05	0.03	"bottom05"
"orf19.3181.1"	"Chr5"	"NCE11"	1	1727.71	934.72	0.54	0	0.01	"bottom05"
"orf19.1946"	"Chr5"	"@"	1	1742.31	947.75	0.54	0.31	0.12	"bottom05"
"orf19.3964"	"Chr5"	"ASH2"	1	807.55	440.91	0.55	0.02	0.01	"bottom05"
"orf19.3949"	"Chr5"	"YTA7"	1	1049.36	574.54	0.55	0.01	0.01	"bottom05"
"orf19.3201"	"Chr5"	"MATa1/MTLA1/A1"	1	297.94	164.1	0.55	0	0	"bottom05"
"orf19.4337"	"Chr5"	"ESBP6"	1	837.37	464.88	0.56	0.16	0.03	"bottom05"
"orf19.980"	"Chr5"	"VIP1"	1	3322.5	1863.33	0.56	0.1	0.06	"bottom05"
"orf19.3999"	"Chr5"		1	383.91	216.76	0.56	0.04	0.01	"bottom05"
"orf19.979"	"Chr5"	"FAS1"	1	4971.13	2821.78	0.57	0.08	0.04	"bottom05"
"orf19.1958"	"Chr5"		1	236.94	134.6	0.57	0.13	0.15	"bottom05"
"orf19.6665"	"Chr5"	"NUP4"	1	3866.39	2207.19	0.57	0.18	0.04	"bottom05"
"orf19.4281"	"Chr5"	"IFH1"	1	1011.64	579.67	0.57	0.05	0.01	"bottom05"
"orf19.4335"	"Chr5"	"TNA1"	1	1157.26	666.83	0.58	0.07	0.01	"bottom05"
"orf19.576"	"Chr5"	"CTF8"	1	1404.76	811.67	0.58	0.35	0.19	"bottom05"
"orf19.3211"	"Chr5"	"RCF3"	1	1937.47	1122.82	0.58	0.05	0.05	"bottom05"
"orf19.4322"	"Chr5"	"DAP2"	1	561.48	325.6	0.58	0.1	0.02	"bottom05"
"orf19.4148"	"Chr5"		1	679.92	394.72	0.58	0.03	0.04	"bottom05"
"orf19.4312"	"Chr5"	"SPT8"	1	1090.23	639.89	0.59	0.09	0.03	"bottom05"
"orf19.4152"	"Chr5"	"EFT3/CEF3/TEF3/YEF3"	1	7763.02	4582.53	0.59	0.1	0.08	"bottom05"
"orf19.4280"	"Chr5"		1	462.37	274.34	0.59	0.17	0	"bottom05"
"orf19.1973"	"Chr5"	"HAP5"	1	912.45	546	0.6	0.01	0.02	"bottom05"
"orf19.1961"	"Chr5"		1	986.34	592.05	0.6	0.24	0.02	"bottom05"
"orf19.1983"	"Chr5"	"PFS3"	1	903.44	544	0.6	0.01	0	"bottom05"
"orf19.962"	"Chr5"		1	1479.67	893.28	0.6	0.02	0.1	"bottom05"
"orf19.956"	"Chr5"	"CSF1"	1	493.51	298.75	0.61	0.05	0.02	"bottom05"
"orf19.4265"	"Chr5"	"UAP1/YDL103"	1	1214.95	735.97	0.61	0.08	0.03	"bottom05"
"orf19.3931ASU53"	"Chr5"	"ASU53"	1	638.46	387.22	0.61	0.2	0.06	"bottom05"
"orf19.4262"	"Chr5"	"JSN1"	1	692.82	423	0.61	0.05	0.01	"bottom05"
"orf19.6299"	"Chr5"	"ULA12"	1	374.39	228.81	0.61	0.22	0.02	"bottom05"
"orf19.4255"	"Chr5"	"ECM331/ECM33/PST1"	1	7382.51	4518.07	0.61	0.39	0.15	"bottom05"
"orf19.3912"	"Chr5"	"GLN3"	1	1168.6	716.04	0.61	0.01	0.03	"bottom05"
"orf19.6660"	"Chr5"		1	3779.22	2320.29	0.61	0.01	0	"bottom05"
"orf19.4297"	"Chr5"	"CKB22"	1	989.13	607.57	0.61	0	0.03	"bottom05"
"orf19.4032"	"Chr5"	"RPN5"	1	1649.01	1016.06	0.62	0.06	0.1	"bottom05"
"orf19.3925"	"Chr5"		1	237.62	146.61	0.62	0.07	0.12	"bottom05"
"orf19.3937"	"Chr5"	"SDF1"	1	454.31	280.48	0.62	0.13	0.01	"bottom05"
"orf19.3174"	"Chr5"	"CDC24"	1	1105.14	683.44	0.62	0.03	0.03	"bottom05"
"orf19.4150"	"Chr5"		1	860.49	533.83	0.62	0.27	0.16	"bottom05"
"orf19.4348"	"Chr5"	"RGR1"	1	570.1	353.71	0.62	0.07	0.04	"bottom05"
"orf19.1959"	"Chr5"		1	713.97	443	0.62	0.09	0.03	"bottom05"
"orf19.976"	"Chr5"	"BRE1"	1	1134.3	704.29	0.62	0.34	0.15	"bottom05"
"orf19.587"	"Chr5"	"TEX1"	1	714.58	444.13	0.62	0.02	0	"bottom05"
"orf19.5693"	"Chr5"	"GAA1"	1	691.36	431.87	0.62	0.15	0.07	"bottom05"
"orf19.3207"	"Chr5"	"CCN1(CLN1)/CCN1/CLN1"	1	431.18	269.71	0.63	0.07	0	"bottom05"
"orf19.4142"	"Chr5"		1	699.23	437.65	0.63	0.01	0	"bottom05"
"orf19.4003"	"Chr5"	"TIP20"	1	1437.92	903.35	0.63	0.15	0.11	"bottom05"
"orf19.3938"	"Chr5"		1	926.5	582.37	0.63	0.18	0.05	"bottom05"
"orf19.3978"	"Chr5"		1	542.59	341.22	0.63	0	0	"bottom05"
"orf19.4129"	"Chr5"		1	268.13	168.99	0.63	0.07	0.11	"bottom05"
"orf19.4275"	"Chr5"	"RAD9"	1	243.18	153.96	0.63	0.01	0.01	"bottom05"
"orf19.4346"	"Chr5"	"SEC16"	1	652.38	414.56	0.64	0	0.01	"bottom05"
"orf19.4002"	"Chr5"	"DUN1"	1	412.92	262.56	0.64	0.01	0	"bottom05"
"orf19.3940"	"Chr5"		1	359.62	229.05	0.64	0.03	0.05	"bottom05"
"orf19.3942"	"Chr5"	"RPL43A"	1	43583.64	27790.22	0.64	0.22	0	"bottom05"
"orf19.964"	"Chr5"	"SMC4"	1	1191.98	760.72	0.64	0.24	0.04	"bottom05"
"orf19.938"	"Chr5"		1	266.84	170.3	0.64	0	0	"bottom05"
"orf19.4010"	"Chr5"	"PAN3"	1	591.14	377.6	0.64	0	0.01	"bottom05"
"orf19.3980"	"Chr5"	"SLH1"	1	676.23	431.99	0.64	0.1	0.05	"bottom05"
"orf19.586"	"Chr5"	"ERV46"	1	2214.95	1420.3	0.64	0.17	0.06	"bottom05"
"orf19.3944"	"Chr5"	"GRR1"	1	1387.96	890.17	0.64	0.06	0.08	"bottom05"
"orf19.4282"	"Chr5"		1	786.27	504.34	0.64	0.17	0.03	"bottom05"
"orf19.4294"	"Chr5"	"CYC2"	1	643.36	413.28	0.64	0.15	0.04	"bottom05"
"orf19.4217"	"Chr5"		1	305.76	196.58	0.64	0.06	0.12	"bottom05"
"orf19.4149.1"	"Chr5"		1	248.98	160.23	0.64	0.01	0.04	"bottom05"
"orf19.3166"	"Chr5"	"DOP1"	1	748.93	482.14	0.64	0.04	0	"bottom05"
"orf19.4311"	"Chr5"	"YNK1"	1	10602.37	6832.63	0.64	0.34	0.15	"bottom05"
"orf19.1105"	"Chr5"		1	56876.9	36668.6	0.64	0.19	0.23	"bottom05"
"orf19.952"	"Chr5"		1	373.69	241.87	0.65	0.01	0.01	"bottom05"
"orf19.4330"	"Chr5"		1	326	211.11	0.65	0.02	0	"bottom05"
"orf19.1948"	"Chr5"		1	702.35	456.05	0.65	0.03	0.01	"bottom05"
"orf19.1933"	"Chr5"	"PEX29"	1	660.83	429.24	0.65	0.04	0.02	"bottom05"
"orf19.945"	"Chr5"	"DID4/VPS2"	1	932.83	606.12	0.65	0	0.01	"bottom05"
"orf19.926"	"Chr5"	"EXO1(DHS1)"	1	705.31	458.36	0.65	0.26	0.08	"bottom05"
"orf19.2654"	"Chr5"	"RMS1"	1	537.4	349.91	0.65	0.07	0.02	"bottom05"
"orf19.2647"	"Chr5"		1	501.72	327.19	0.65	0.07	0	"bottom05"
"orf19.4154"	"Chr5"	"SPB4"	1	917.7	599.11	0.65	0.02	0.05	"bottom05"
"orf19.922"	"Chr5"	"ERG11(ERG16)/ERG11/CYP51/ERG16/L1A1/P45014DM"	1	2067.47	1353.72	0.65	0.03	0.09	"bottom05"
"orf19.4023"	"Chr5"	"MRP2"	1	2328.31	1524.57	0.65	0.03	0.02	"bottom05"
"orf19.579"	"Chr5"	"FOL1"	1	832.21	545.39	0.66	0.1	0.04	"bottom05"
"orf19.4017"	"Chr5"		1	277.5	182	0.66	0	0.02	"bottom05"
"orf19.928"	"Chr5"		1	389.37	255.41	0.66	0.13	0.06	"bottom05"
"orf19.3996"	"Chr5"	"GPI10"	1	793.71	521.68	0.66	0.04	0.04	"bottom05"
"orf19.966"	"Chr5"	"DUS4"	1	1059.11	697.85	0.66	0.26	0.13	"bottom05"
"orf19.4278"	"Chr5"		1	1024.22	674.86	0.66	0.02	0.02	"bottom05"
"orf19.4036"	"Chr5"	"APM1"	1	919.73	607.08	0.66	0.02	0.03	"bottom05"
"orf19.4219"	"Chr5"	"VCP1"	1	940.47	620.85	0.66	0.23	0.04	"bottom05"
"orf19.1941"	"Chr5"	"NUF2"	1	641.09	424.29	0.66	0.02	0.04	"bottom05"
"orf19.931"	"Chr5"		1	875.84	579.94	0.66	0.07	0.04	"bottom05"
"orf19.4240"	"Chr5"	"PER1"	1	963.62	638.17	0.66	0.01	0.01	"bottom05"
"orf19.5683"	"Chr5"		1	1447.71	959.68	0.66	0.28	0.07	"bottom05"
"orf19.3180"	"Chr5"	"INP54"	1	446.66	296.25	0.66	0.09	0.01	"middle"
"orf19.4310"	"Chr5"		1	227.07	151.3	0.67	0.09	0.15	"middle"
"orf19.3994"	"Chr5"	"OST3"	1	1059.99	706.43	0.67	0.03	0	"middle"
"orf19.4225"	"Chr5"	"LEU3"	1	1032.62	688.23	0.67	0.32	0.06	"middle"
"orf19.2636"	"Chr5"		1	1843.55	1229.45	0.67	0.2	0.39	"middle"
"orf19.1286"	"Chr5"		1	272.61	181.93	0.67	0.05	0.13	"middle"
"orf19.4318"	"Chr5"	"MIG1"	1	1664.7	1111.07	0.67	0.06	0.05	"middle"
"orf19.1939"	"Chr5"		1	289.97	193.68	0.67	0.02	0.01	"middle"
"orf19.978"	"Chr5"	"BDF1"	1	643.42	430.42	0.67	0.12	0.08	"middle"
"orf19.5698"	"Chr5"	"RPL1"	1	1476.11	988.62	0.67	0.04	0.01	"middle"
"orf19.6676"	"Chr5"	"DPH5"	1	3401.12	2279.83	0.67	0.2	0.14	"middle"
"orf19.3941"	"Chr5"	"URA7"	1	2768.42	1855.94	0.67	0.02	0.02	"middle"
"orf19.585"	"Chr5"	"MRPL17"	1	1095.33	734.48	0.67	0.08	0.09	"middle"
"orf19.6297"	"Chr5"	"DEG1"	1	507.08	340.42	0.67	0	0.01	"middle"
"orf19.6662"	"Chr5"		1	593.04	398.42	0.67	0	0.05	"middle"
"orf19.5680"	"Chr5"		1	1125.56	757	0.67	0.14	0.06	"middle"
"orf19.3192"	"Chr5"	"STI1"	1	2096.92	1412.52	0.67	0.14	0.11	"middle"
"orf19.1942"	"Chr5"	"AZR2/SGE1"	1	1064.92	717.73	0.67	0.15	0	"middle"
"orf19.3997"	"Chr5"	"ADH1/ADH/CAD"	1	60226.54	40684.51	0.68	0.17	0.03	"middle"
"orf19.1283"	"Chr5"	"MEC1"	1	826.29	558.61	0.68	0.01	0.01	"middle"
"orf19.6670"	"Chr5"	"CAC2"	1	692.56	469.94	0.68	0.03	0.02	"middle"
"orf19.3218"	"Chr5"		1	507.55	345.05	0.68	0.04	0	"middle"
"orf19.969"	"Chr5"	"PRS2"	1	6231.53	4241.64	0.68	0.06	0.13	"middle"
"orf19.1115"	"Chr5"	"GUK1"	1	1108.34	754.44	0.68	0.21	0.01	"middle"
"orf19.3210"	"Chr5"		1	244.12	166.26	0.68	0.08	0.13	"middle"
"orf19.2639"	"Chr5"	"LSM7"	1	952.8	649.73	0.68	0.41	0.19	"middle"
"orf19.3219"	"Chr5"		1	783.24	534.3	0.68	0.07	0.03	"middle"
"orf19.970"	"Chr5"		1	539.75	369.27	0.68	0.06	0.07	"middle"
"orf19.4244"	"Chr5"	"YIL130"	1	255.68	175.5	0.69	0.01	0.03	"middle"
"orf19.1287"	"Chr5"		1	3014.43	2070.86	0.69	0.21	0.03	"middle"
"orf19.4149"	"Chr5"	"RPS11A/@"	1	32296.07	22202.39	0.69	0.45	0.06	"middle"
"orf19.929"	"Chr5"		1	246.94	170.03	0.69	0.02	0.02	"middle"
"orf19.3200"	"Chr5"	"MATa2/MTLA2/A2"	1	248.04	170.99	0.69	0.05	0.06	"middle"
"orf19.4145"	"Chr5"	"HAP1"	1	596.43	411.22	0.69	0.02	0.01	"middle"
"orf19.4030"	"Chr5"	"PRI1"	1	1564	1078.79	0.69	0.14	0.12	"middle"
"orf19.4040"	"Chr5"	"ILV3"	1	4599.13	3172.58	0.69	0.53	0.24	"middle"
"orf19.567"	"Chr5"	"TFB3"	1	681.59	470.22	0.69	0.37	0	"middle"
"orf19.5692"	"Chr5"		1	756.21	522.46	0.69	0	0.01	"middle"
"orf19.3904"	"Chr5"		1	272.32	188.24	0.69	0.02	0.03	"middle"
"orf19.947"	"Chr5"	"MRP17"	1	609.53	421.75	0.69	0.15	0.01	"middle"
"orf19.2642"	"Chr5"	"CAM1"	1	394.19	273.03	0.69	0.08	0	"middle"
"orf19.4320"	"Chr5"		1	263.18	182.76	0.69	0.1	0.13	"middle"
"orf19.4035"	"Chr5"	"GAS1/PGA4"	1	4796.86	3331.85	0.69	0.1	0.2	"middle"
"orf19.3177"	"Chr5"	"RIB2"	1	1834.92	1274.7	0.69	0.09	0.09	"middle"
"orf19.5689"	"Chr5"	"SEC28"	1	1502.17	1044.66	0.7	0.23	0.05	"middle"
"orf19.920"	"Chr5"	"RMT2"	1	511.07	356.52	0.7	0.12	0.01	"middle"
"orf19.4243"	"Chr5"	"YKL090"	1	287.19	200.43	0.7	0.05	0.01	"middle"
"orf19.3911"	"Chr5"	"SAH1"	1	12158.23	8497.04	0.7	0.03	0.03	"middle"
"orf19.1116"	"Chr5"		1	775.35	542.03	0.7	0.09	0.18	"middle"
"orf19.1968.1"	"Chr5"		1	564.37	394.67	0.7	0.05	0.07	"middle"
"orf19.570"	"Chr5"	"HYR9/IFF8"	1	290.06	202.87	0.7	0.02	0.01	"middle"
"orf19.6283"	"Chr5"	"NFU12"	1	276.01	193.77	0.7	0.05	0	"middle"
"orf19.1934"	"Chr5"	"HST3"	1	462.08	324.58	0.7	0.05	0.01	"middle"
"orf19.3960"	"Chr5"	"HYS2"	1	1154.02	810.79	0.7	0.07	0.04	"middle"
"orf19.943"	"Chr5"	"FET33"	1	460.23	324.28	0.7	0.02	0.02	"middle"
"orf19.3220"	"Chr5"		1	402.01	284.1	0.71	0.1	0.2	"middle"
"orf19.951"	"Chr5"		1	675.25	477.34	0.71	0.45	0.11	"middle"
"orf19.3924"	"Chr5"		1	245.76	173.78	0.71	0.02	0.03	"middle"
"orf19.4033"	"Chr5"	"PRP22"	1	386.48	274.09	0.71	0.05	0.05	"middle"
"orf19.4245"	"Chr5"		1	418.23	296.76	0.71	0.06	0.01	"middle"
"orf19.3974"	"Chr5"	"PUT2"	1	2437.67	1731.52	0.71	0.24	0.01	"middle"
"orf19.3942.1"	"Chr5"	"VPS25"	1	284.97	202.43	0.71	0.08	0.03	"middle"
"orf19.3902"	"Chr5"		1	355.84	253.14	0.71	0.01	0.01	"middle"
"orf19.1980"	"Chr5"	"GIT4"	1	311.19	221.54	0.71	0.05	0.02	"middle"
"orf19.1932"	"Chr5"	"FRE5/CFL4"	1	268.2	190.95	0.71	0.03	0.06	"middle"
"orf19.4305"	"Chr5"		1	327.66	233.4	0.71	0.1	0.02	"middle"
"orf19.3946"	"Chr5"	"COX18"	1	662.44	472.65	0.71	0.32	0.15	"middle"
"orf19.939"	"Chr5"	"NAM7(IFS2:MOF4:UPF1)/NAM7"	1	1428.67	1021.51	0.72	0.25	0.01	"middle"
"orf19.4004"	"Chr5"	"CCT3"	1	2706.59	1935.77	0.72	0.39	0.14	"middle"
"orf19.3188"	"Chr5"	"HAL9a/TAC1/ZNC2"	1	707.29	506.46	0.72	0.42	0.01	"middle"
"orf19.4013"	"Chr5"		1	519.17	371.97	0.72	0.23	0.05	"middle"
"orf19.4031"	"Chr5"		1	513.07	367.71	0.72	0.11	0.05	"middle"
"orf19.2653"	"Chr5"		1	296.22	212.31	0.72	0.04	0.03	"middle"
"orf19.923"	"Chr5"	"THR1"	1	949.33	680.73	0.72	0.22	0.02	"middle"
"orf19.4341"	"Chr5"	"CDC91"	1	1311.23	940.98	0.72	0.53	0.08	"middle"
"orf19.4340.1"	"Chr5"		1	432.09	310.18	0.72	0.01	0.05	"middle"
"orf19.3915"	"Chr5"		1	4871.13	3503.39	0.72	0.31	0.35	"middle"
"orf19.5679"	"Chr5"	"VIP2"	1	620.75	446.46	0.72	0.31	0.08	"middle"
"orf19.2226"	"Chr5"		1	726.23	522.33	0.72	0.02	0.02	"middle"
"orf19.949"	"Chr5"		1	1048.82	754.38	0.72	0.4	0.01	"middle"
"orf19.4250"	"Chr5"		1	286.26	205.99	0.72	0.09	0.08	"middle"
"orf19.6682"	"Chr5"	"DPH4"	1	1627.49	1172.33	0.72	0.37	0.07	"middle"
"orf19.4019"	"Chr5"		1	448.16	322.85	0.72	0.14	0.31	"middle"
"orf19.3968"	"Chr5"		1	241.2	174.04	0.72	0.19	0.22	"middle"
"orf19.4253"	"Chr5"		1	523.71	378.18	0.72	0.06	0.13	"middle"
"orf19.4268"	"Chr5"		1	1827.63	1321.52	0.72	0.23	0.02	"middle"
"orf19.1969"	"Chr5"	"CCW14"	1	267.16	193.22	0.72	0.07	0.09	"middle"
"orf19.4231"	"Chr5"	"PTH2"	1	315.55	228.6	0.72	0.03	0.06	"middle"
"orf19.3914"	"Chr5"	"CDC332"	1	1683.3	1222.67	0.73	0.3	0.1	"middle"
"orf19.5681"	"Chr5"		1	501.67	364.45	0.73	0.16	0.04	"middle"
"orf19.3963"	"Chr5"		1	314.4	228.47	0.73	0.08	0.22	"middle"
"orf19.3193"	"Chr5"	"YAP3(FCR3)/FCR3"	1	1161.65	845.11	0.73	0.48	0.02	"middle"
"orf19.4016"	"Chr5"	"COR1"	1	6405.5	4668.14	0.73	0.21	0.09	"middle"
"orf19.1964"	"Chr5"		1	628.67	459.15	0.73	0.31	0.02	"middle"
"orf19.3900"	"Chr5"	"UGO1"	1	995.99	728.22	0.73	0.13	0.15	"middle"
"orf19.948"	"Chr5"		1	261.52	191.21	0.73	0.04	0.12	"middle"
"orf19.3160"	"Chr5"	"HSP13/HSP12"	1	46904.32	34300.41	0.73	0.32	0.19	"middle"
"orf19.583"	"Chr5"	"BNA2"	1	4130.34	3022.23	0.73	0.54	0.28	"middle"
"orf19.3976"	"Chr5"	"JNM1"	1	1194.09	874.86	0.73	0.58	0.08	"middle"
"orf19.584"	"Chr5"	"CCP2"	1	301.92	221.47	0.73	0.12	0.05	"middle"
"orf19.1935"	"Chr5"		1	692.13	507.7	0.73	0.07	0.19	"middle"
"orf19.6680"	"Chr5"	"FGR27"	1	653.78	480.41	0.73	0.11	0.12	"middle"
"orf19.4340"	"Chr5"		1	321.54	236.83	0.74	0.19	0.05	"middle"
"orf19.4239"	"Chr5"		1	251.47	185.25	0.74	0.17	0.07	"middle"
"orf19.4299"	"Chr5"	"MSW1"	1	503.82	371.78	0.74	0.01	0.02	"middle"
"orf19.974"	"Chr5"	"ROT2/GLS2"	1	1179.97	870.84	0.74	0.09	0.14	"middle"
"orf19.4263"	"Chr5"		1	581.22	429	0.74	0.35	0.01	"middle"
"orf19.3167"	"Chr5"	"COX10"	1	2064.09	1525.87	0.74	0.46	0.23	"middle"
"orf19.3205"	"Chr5"	"MRPL36"	1	618.33	457.61	0.74	0.23	0.01	"middle"
"orf19.3170"	"Chr5"	"BUD27"	1	683.74	506.17	0.74	0.04	0.08	"middle"
"orf19.6663"	"Chr5"	"RPS25B"	1	18477.54	13681.77	0.74	0.2	0.03	"middle"
"orf19.1971"	"Chr5"		1	1227.79	909.47	0.74	0.59	0.27	"middle"
"orf19.4022"	"Chr5"	"SDH5/SDH4"	1	1107.97	820.78	0.74	0.19	0.01	"middle"
"orf19.4051"	"Chr5"	"HTS1"	1	3501.47	2594.42	0.74	0.03	0.08	"middle"
"orf19.1124.2"	"Chr5"		1	299.59	222.06	0.74	0.08	0.01	"middle"
"orf19.3183"	"Chr5"		1	649.73	481.88	0.74	0.26	0.25	"middle"
"orf19.1285"	"Chr5"		1	1091.88	812.93	0.74	0.49	0.04	"middle"
"orf19.3972"	"Chr5"	"GOT1"	1	913.05	680.15	0.74	0.43	0.08	"middle"
"orf19.4332"	"Chr5"		1	554.94	413.68	0.75	0.08	0.02	"middle"
"orf19.1936"	"Chr5"	"SNF1"	1	2264.3	1690.26	0.75	0.2	0.25	"middle"
"orf19.3208"	"Chr5"	"DAL52"	1	344.19	257.22	0.75	0.24	0.01	"middle"
"orf19.4317"	"Chr5"	"GRE3/@"	1	1262.06	944.88	0.75	0.19	0.01	"middle"
"orf19.1955"	"Chr5"	"SHR5"	1	397.29	297.49	0.75	0.06	0.04	"middle"
"orf19.6295"	"Chr5"	"MAS2"	1	1146.88	858.91	0.75	0.57	0.02	"middle"
"orf19.1279"	"Chr5"	"CDS1"	1	3002.83	2250.53	0.75	0.47	0.15	"middle"
"orf19.4223"	"Chr5"	"GCD11/EIF2"	1	7645.41	5730.1	0.75	0.08	0.08	"middle"
"orf19.3959"	"Chr5"	"SSD1"	1	1411.62	1063.57	0.75	0.18	0.1	"middle"
"orf19.1122"	"Chr5"		1	348.97	263	0.75	0.17	0.05	"middle"
"orf19.610"	"Chr5"	"EFG1"	1	3190.79	2408.91	0.75	0.36	0.08	"middle"
"orf19.4347"	"Chr5"	"PRR1"	1	1361.92	1028.9	0.76	0.34	0.35	"middle"
"orf19.3175"	"Chr5"	"ETF1/YOR256W"	1	3154.45	2384.99	0.76	0.31	0.03	"middle"
"orf19.3202"	"Chr5"		1	590.41	446.82	0.76	0.35	0.01	"middle"
"orf19.3955"	"Chr5"	"MES1"	1	1451.28	1098.71	0.76	0.33	0.05	"middle"
"orf19.4279"	"Chr5"	"MNN1"	1	3729.67	2825.42	0.76	0.1	0.03	"middle"
"orf19.3931"	"Chr5"	"SFC1"	1	1080.6	818.8	0.76	0.47	0.28	"middle"
"orf19.1978"	"Chr5"	"GIT2"	1	422.58	320.76	0.76	0.08	0.03	"middle"
"orf19.932"	"Chr5"	"DNF1"	1	699.82	531.43	0.76	0.05	0.02	"middle"
"orf19.3899"	"Chr5"		1	449.07	341.02	0.76	0.14	0.11	"middle"
"orf19.3910"	"Chr5"	"RNY1"	1	521.64	397.09	0.76	0.18	0.02	"middle"
"orf19.3907"	"Chr5"		1	237.86	181.24	0.76	0.35	0.33	"middle"
"orf19.4283"	"Chr5"		1	13513.52	10315.34	0.76	0.72	0.56	"middle"
"orf19.4342"	"Chr5"		1	920.58	703.24	0.76	0.49	0.01	"middle"
"orf19.3995"	"Chr5"	"RIM13"	1	635.2	485.45	0.76	0.31	0.1	"middle"
"orf19.4270"	"Chr5"	"MNT2"	1	569.44	435.42	0.76	0.29	0.06	"middle"
"orf19.3956"	"Chr5"		1	510.55	390.53	0.76	0.18	0.01	"middle"
"orf19.1952"	"Chr5"		1	332.85	254.87	0.77	0.19	0.18	"middle"
"orf19.3203"	"Chr5"	"RCY1"	1	355.51	272.32	0.77	0.09	0.05	"middle"
"orf19.3957"	"Chr5"	"FOL2"	1	964.47	738.89	0.77	0.54	0.05	"middle"
"orf19.4288"	"Chr5"	"STB4"	1	908.3	696.16	0.77	0.43	0.1	"middle"
"orf19.2638"	"Chr5"		1	283.04	217	0.77	0.17	0.06	"middle"
"orf19.577"	"Chr5"		1	1378.2	1056.84	0.77	0.15	0.01	"middle"
"orf19.4006"	"Chr5"	"PAN5"	1	393.78	302.58	0.77	0.05	0.1	"middle"
"orf19.3971"	"Chr5"		1	362.08	278.24	0.77	0.25	0.01	"middle"
"orf19.2641"	"Chr5"	"ARP1"	1	580.45	446.4	0.77	0.24	0.01	"middle"
"orf19.1943"	"Chr5"		1	456.84	351.84	0.77	0.03	0.07	"middle"
"orf19.4236"	"Chr5"	"RET2"	1	1043.76	804.03	0.77	0.44	0.15	"middle"
"orf19.6668"	"Chr5"	"CUE1"	1	445.39	344	0.77	0.5	0.02	"middle"
"orf19.4336"	"Chr5"	"RPS5"	1	13623.51	10531.02	0.77	0.31	0.19	"middle"
"orf19.3903"	"Chr5"		1	447.22	345.75	0.77	0.32	0.08	"middle"
"orf19.3965"	"Chr5"		1	337.75	261.58	0.77	0.06	0.07	"middle"
"orf19.2644"	"Chr5"	"QCR2"	1	11918.39	9238.61	0.78	0.24	0.1	"middle"
"orf19.4321"	"Chr5"		1	289.95	224.82	0.78	0.3	0.35	"middle"
"orf19.4041"	"Chr5"	"PEX4"	1	2895.69	2245.97	0.78	0.59	0.14	"middle"
"orf19.1282"	"Chr5"	"CKS1"	1	687.09	533.2	0.78	0.08	0.09	"middle"
"orf19.4001"	"Chr5"	"MSS2"	1	596.34	462.87	0.78	0.58	0.04	"middle"
"orf19.2652"	"Chr5"		1	280.15	217.75	0.78	0.14	0.13	"middle"
"orf19.1106"	"Chr5"		1	287.75	223.67	0.78	0.12	0.08	"middle"
"orf19.4048"	"Chr5"	"DES1"	1	4259.61	3311.37	0.78	0.47	0.28	"middle"
"orf19.4151"	"Chr5"	"SPO1"	1	335.03	260.65	0.78	0.35	0.27	"middle"
"orf19.4266"	"Chr5"	"SPR28"	1	397.18	309.2	0.78	0.16	0.04	"middle"
"orf19.588:1982"	"Chr5"		1	259.58	202.15	0.78	0.18	0.19	"middle"
"orf19.3950"	"Chr5"	"MSM1"	1	4997.81	3893.9	0.78	0.72	0.63	"middle"
"orf19.1119"	"Chr5"	"MTR10"	1	515.57	402.53	0.78	0.08	0.06	"middle"
"orf19.4021"	"Chr5"		1	1283.74	1002.31	0.78	0	0	"middle"
"orf19.967"	"Chr5"	"NUC1"	1	1589.57	1243.02	0.78	0.13	0.08	"middle"
"orf19.3919"	"Chr5"		1	955.87	747.82	0.78	0.29	0.07	"middle"
"orf19.4131"	"Chr5"		1	2224.91	1743.45	0.78	0.52	0.21	"middle"
"orf19.4009"	"Chr5"	"CNB1"	1	1734.79	1359.7	0.78	0.04	0.11	"middle"
"orf19.604"	"Chr5"		1	305.25	239.61	0.78	0.28	0.05	"middle"
"orf19.4264"	"Chr5"		1	319.24	250.78	0.79	0.24	0.04	"middle"
"orf19.4133"	"Chr5"		1	844.93	664.26	0.79	0.13	0.07	"middle"
"orf19.6678"	"Chr5"		1	278.6	219.24	0.79	0.15	0.1	"middle"
"orf19.4269"	"Chr5"		1	827.28	651.77	0.79	0.43	0.11	"middle"
"orf19.3905"	"Chr5"		1	352.62	277.95	0.79	0.23	0.33	"middle"
"orf19.2645"	"Chr5"		1	385.97	304.34	0.79	0.32	0.43	"middle"
"orf19.954"	"Chr5"	"XDJ1"	1	517.23	407.95	0.79	0.13	0.2	"middle"
"orf19.1972"	"Chr5"	"SET5"	1	1253.85	989.75	0.79	0.2	0.18	"middle"
"orf19.2649"	"Chr5"	"PCL1"	1	1176.74	931.02	0.79	0.29	0.05	"middle"
"orf19.3986"	"Chr5"	"PPR1"	1	364.25	288.43	0.79	0.21	0.05	"middle"
"orf19.971"	"Chr5"	"SKN7"	1	930.51	737.94	0.79	0.51	0.25	"middle"
"orf19.3928"	"Chr5"	"AZF2"	1	597.15	473.73	0.79	0.16	0.11	"middle"
"orf19.6671"	"Chr5"	"LAP5"	1	947.69	753.4	0.79	0.4	0.23	"middle"
"orf19.1966"	"Chr5"	"BUD23"	1	3491.85	2778.87	0.8	0.73	0.4	"middle"
"orf19.4233"	"Chr5"	"THR4"	1	2960.83	2356.7	0.8	0.59	0.03	"middle"
"orf19.3951"	"Chr5"	"YIP1"	1	1059.89	843.99	0.8	0.27	0.21	"middle"
"orf19.1944"	"Chr5"	"GPR1"	1	801.96	639.07	0.8	0.08	0.04	"middle"
"orf19.3185"	"Chr5"	"NAT1"	1	1678.26	1338.9	0.8	0.15	0.16	"middle"
"orf19.4046"	"Chr5"		1	516.24	411.87	0.8	0.35	0.12	"middle"
"orf19.3172"	"Chr5"		1	289.66	231.15	0.8	0.23	0.34	"middle"
"orf19.4325"	"Chr5"		1	1394	1114.27	0.8	0.12	0.11	"middle"
"orf19.4153"	"Chr5"	"ULA1"	1	334.26	267.32	0.8	0.32	0.08	"middle"
"orf19.3186"	"Chr5"		1	353.15	282.7	0.8	0.22	0.27	"middle"
"orf19.6654"	"Chr5"		1	1471.29	1178.03	0.8	0.51	0.1	"middle"
"orf19.6673"	"Chr5"	"HEX1"	1	743.04	595.21	0.8	0.54	0.29	"middle"
"orf19.5684"	"Chr5"	"MRPL14"	1	2017.04	1616.4	0.8	0.24	0.04	"middle"
"orf19.942"	"Chr5"	"KRE8(CWH48)"	1	256.59	205.67	0.8	0.2	0.22	"middle"
"orf19.921"	"Chr5"		1	402.73	323.03	0.8	0.4	0.15	"middle"
"orf19.3209"	"Chr5"	"FGR42"	1	571.81	459.05	0.8	0.62	0.14	"middle"
"orf19.1105.3"	"Chr5"		1	323.23	259.65	0.8	0.26	0.26	"middle"
"orf19.3906"	"Chr5"		1	619.92	498.28	0.8	0.12	0.19	"middle"
"orf19.925"	"Chr5"		1	657.59	528.68	0.8	0.57	0.09	"middle"
"orf19.936"	"Chr5"		1	441.41	355.23	0.8	0.23	0.17	"middle"
"orf19.1967"	"Chr5"	"IMG1"	1	1051.7	846.53	0.8	0.69	0.19	"middle"
"orf19.1930"	"Chr5"	"FRE4/CFL5"	1	267.38	215.31	0.81	0.18	0.14	"middle"
"orf19.1111"	"Chr5"	"TAF9"	1	868.86	699.76	0.81	0.29	0.18	"middle"
"orf19.1108"	"Chr5"	"HAM1"	1	2598.46	2096.34	0.81	0.4	0.09	"middle"
"orf19.3977"	"Chr5"	"GIR1"	1	723.1	584	0.81	0.58	0.17	"middle"
"orf19.3920"	"Chr5"	"MPD1"	1	739.71	597.58	0.81	0.04	0.01	"middle"
"orf19.937"	"Chr5"		1	374.81	302.92	0.81	0.39	0.38	"middle"
"orf19.598"	"Chr5"		1	308.63	249.6	0.81	0.27	0.36	"middle"
"orf19.1938"	"Chr5"		1	409.21	331.03	0.81	0.18	0.06	"middle"
"orf19.927"	"Chr5"		1	886.18	717.2	0.81	0.33	0.24	"middle"
"orf19.4251"	"Chr5"		1	342.02	277.05	0.81	0.28	0.23	"middle"
"orf19.1109"	"Chr5"		1	800.35	648.4	0.81	0.05	0.12	"middle"
"orf19.3962"	"Chr5"	"HAS1"	1	3688.26	2996.9	0.81	0.21	0.15	"middle"
"orf19.3966"	"Chr5"	"CRH2/CRH12"	1	287.22	233.54	0.81	0.12	0.15	"middle"
"orf19.4326"	"Chr5"		1	357.31	290.7	0.81	0.22	0.29	"middle"
"orf19.930"	"Chr5"	"PET9(ACC2:ANC2:OP1)/PET9"	1	32316.42	26356.03	0.82	0.55	0.01	"middle"
"orf19.6681"	"Chr5"		1	464.67	379.08	0.82	0.14	0.12	"middle"
"orf19.4323"	"Chr5"		1	421.99	345.38	0.82	0.23	0.29	"middle"
"orf19.1114"	"Chr5"		1	1896.03	1553.03	0.82	0.28	0.47	"middle"
"orf19.6288"	"Chr5"		1	293.75	241.67	0.82	0.43	0.34	"middle"
"orf19.3990"	"Chr5"	"RPC17"	1	1278.49	1053.61	0.82	0.7	0.02	"middle"
"orf19.2650.1"	"Chr5"		1	643	530.68	0.83	0.62	0.24	"middle"
"orf19.3926"	"Chr5"	"RNY1"	1	559.31	461.7	0.83	0.46	0.3	"middle"
"orf19.1281"	"Chr5"		1	1003.64	828.77	0.83	0.73	0.03	"middle"
"orf19.1949"	"Chr5"	"VPS1"	1	3065.91	2533.65	0.83	0.26	0.37	"middle"
"orf19.4293"	"Chr5"		1	1760.44	1457.97	0.83	0.37	0.18	"middle"
"orf19.4334"	"Chr5"	"PGA58"	1	938.96	779.56	0.83	0.44	0.09	"middle"
"orf19.1120"	"Chr5"		1	460	382.25	0.83	0.19	0.15	"middle"
"orf19.4328"	"Chr5"	"CCC2"	1	1283.35	1066.76	0.83	0.6	0.09	"middle"
"orf19.6282"	"Chr5"		1	389.35	323.67	0.83	0.53	0.27	"middle"
"orf19.3897"	"Chr5"		1	337.3	280.82	0.83	0.38	0.28	"middle"
"orf19.3945"	"Chr5"		1	889.83	742.42	0.83	0.6	0.27	"middle"
"orf19.3182"	"Chr5"	"GIS2"	1	9522.38	7958.56	0.84	0.3	0.13	"middle"
"orf19.5691"	"Chr5"	"CDC11"	1	814.7	681.86	0.84	0.6	0.17	"middle"
"orf19.1926"	"Chr5"	"SEF2"	1	754.88	632.81	0.84	0.6	0.12	"middle"
"orf19.6656"	"Chr5"	"DUR8/DUR3"	1	948.38	798.46	0.84	0.45	0.25	"middle"
"orf19.1105.2"	"Chr5"	"CSU51"	1	25618.49	21574.76	0.84	0.86	0.58	"middle"
"orf19.578"	"Chr5"	"MSB3"	1	466.73	393.42	0.84	0.47	0.25	"middle"
"orf19.1110"	"Chr5"	"THI80"	1	1648.75	1390.94	0.84	0.75	0.41	"middle"
"orf19.4287"	"Chr5"		1	661.28	559.08	0.85	0.5	0.07	"middle"
"orf19.4018"	"Chr5"	"RSM7"	1	771.21	653.28	0.85	0.58	0.21	"middle"
"orf19.2657"	"Chr5"		1	585.23	495.9	0.85	0.49	0.02	"middle"
"orf19.4222"	"Chr5"	"SST2"	1	367.95	311.82	0.85	0.38	0.29	"middle"
"orf19.4007"	"Chr5"		1	897.97	761.71	0.85	0.61	0.06	"middle"
"orf19.4011"	"Chr5"		1	276.54	234.62	0.85	0.36	0.39	"middle"
"orf19.3901"	"Chr5"		1	1834.52	1559.86	0.85	0.72	0.17	"middle"
"orf19.3952"	"Chr5"	"SRP101"	1	693.1	589.56	0.85	0.37	0.39	"middle"
"orf19.4290"	"Chr5"	"TRR1"	1	1679.84	1429.32	0.85	0.45	0.41	"middle"
"orf19.593"	"Chr5"	"SWA2/FGR32"	1	2137.77	1819.75	0.85	0.56	0.43	"middle"
"orf19.1974"	"Chr5"	"TFS1"	1	3297.78	2807.24	0.85	0.42	0.41	"middle"
"orf19.4043"	"Chr5"	"ASK10"	1	2960.59	2521.23	0.85	0.51	0.56	"middle"
"orf19.4315"	"Chr5"		1	447.52	381.16	0.85	0.39	0.32	"middle"
"orf19.953.1"	"Chr5"	"COF1"	1	13792.83	11768.88	0.85	0.44	0.27	"middle"
"orf19.3936"	"Chr5"		1	2726.73	2326.62	0.85	0.79	0.3	"middle"
"orf19.3161"	"Chr5"		1	1624.57	1386.97	0.85	0.64	0.31	"middle"
"orf19.581"	"Chr5"	"NRD1"	1	702.59	599.99	0.85	0.27	0.32	"middle"
"orf19.4241"	"Chr5"		1	857.65	732.63	0.85	0.12	0.1	"middle"
"orf19.968"	"Chr5"	"PGA14"	1	13405.64	11485.47	0.86	0.57	0.12	"middle"
"orf19.1975"	"Chr5"	"DIB1"	1	439.34	376.64	0.86	0.61	0.15	"middle"
"orf19.3947"	"Chr5"	"SPT4"	1	1305.94	1120.37	0.86	0.64	0.31	"middle"
"orf19.609"	"Chr5"		1	317.69	272.85	0.86	0.47	0.41	"middle"
"orf19.4305.1"	"Chr5"		1	353.88	304.4	0.86	0.33	0.27	"middle"
"orf19.1968"	"Chr5"	"MAK31"	1	420.99	362.73	0.86	0.57	0.14	"middle"
"orf19.4261"	"Chr5"	"TIF5"	1	2240.69	1931.42	0.86	0.36	0.15	"middle"
"orf19.4028"	"Chr5"	"RER2"	1	581.75	501.95	0.86	0	0.02	"middle"
"orf19.955"	"Chr5"		1	750.07	648	0.86	0.38	0.44	"middle"
"orf19.3178"	"Chr5"	"PRP9"	1	451.83	390.67	0.86	0.54	0.39	"middle"
"orf19.2646"	"Chr5"	"HAP4/HAP1"	1	834.15	721.37	0.86	0.66	0.28	"middle"
"orf19.4012"	"Chr5"	"PCL5"	1	1008.27	874.08	0.87	0.48	0.23	"middle"
"orf19.3187"	"Chr5"	"HAL9e/ZNC1"	1	440.76	382.67	0.87	0.36	0.31	"middle"
"orf19.2650"	"Chr5"	"MRP10"	1	391.59	340.07	0.87	0.52	0.47	"middle"
"orf19.600"	"Chr5"	"TRK1"	1	1179.09	1024.4	0.87	0.64	0.31	"middle"
"orf19.1112"	"Chr5"	"BUD7"	1	579.49	503.49	0.87	0.54	0.52	"middle"
"orf19.3970"	"Chr5"		1	602.07	523.31	0.87	0.45	0.37	"middle"
"orf19.4024"	"Chr5"	"RIB5"	1	4453.66	3872.2	0.87	0.66	0.45	"middle"
"orf19.3921"	"Chr5"	"FSH3"	1	838.74	732.71	0.87	0.12	0.21	"middle"
"orf19.4029"	"Chr5"	"SQT1"	1	4064.12	3557.36	0.88	0.52	0.42	"middle"
"orf19.4306"	"Chr5"		1	921.98	808.39	0.88	0.48	0.33	"middle"
"orf19.575"	"Chr5"	"HYR5/HYR3/IFF2"	1	1228.98	1078.65	0.88	0.74	0.61	"middle"
"orf19.4309"	"Chr5"	"GRP3/GRP2/GRE99"	1	2111.5	1855.2	0.88	0.48	0.38	"middle"
"orf19.3898"	"Chr5"	"TLG1"	1	329.23	289.27	0.88	0.58	0.46	"middle"
"orf19.4273"	"Chr5"	"SLS1"	1	652.37	573.25	0.88	0.76	0.34	"middle"
"orf19.1970"	"Chr5"	"CVB1"	1	619.57	545.12	0.88	0.74	0.51	"middle"
"orf19.4045"	"Chr5"	"EST1"	1	956.33	842.1	0.88	0.77	0.3	"middle"
"orf19.3176"	"Chr5"	"RIM21"	1	667.84	588.18	0.88	0.31	0.33	"middle"
"orf19.946"	"Chr5"	"MET14"	1	1656.64	1461.5	0.88	0.56	0.23	"middle"
"orf19.4135"	"Chr5"	"PRC2"	1	2074.9	1832.97	0.88	0.59	0.32	"middle"
"orf19.2637"	"Chr5"	"PER1"	1	1001.14	885	0.88	0.84	0.23	"middle"
"orf19.1976"	"Chr5"	"TRX1"	1	591.29	527.96	0.89	0.74	0.24	"middle"
"orf19.3213"	"Chr5"		1	503.74	449.83	0.89	0.62	0.22	"middle"
"orf19.1950"	"Chr5"		1	1318.72	1178.35	0.89	0.82	0.45	"middle"
"orf19.4229"	"Chr5"	"DDP1"	1	1091.12	975.67	0.89	0.74	0.33	"middle"
"orf19.4234"	"Chr5"		1	2961.52	2651.52	0.9	0.8	0.26	"middle"
"orf19.1113"	"Chr5"		1	709.23	636.02	0.9	0.77	0.18	"middle"
"orf19.3204"	"Chr5"		1	490.01	439.72	0.9	0.74	0.49	"middle"
"orf19.3206"	"Chr5"	"CCT7"	1	4072.18	3657.5	0.9	0.84	0.59	"middle"
"orf19.3930"	"Chr5"	"YUH2"	1	993.94	897.35	0.9	0.55	0.47	"middle"
"orf19.2224"	"Chr5"		1	368.89	333.2	0.9	0.47	0.51	"middle"
"orf19.1981"	"Chr5"	"IMP2"	1	562.21	507.83	0.9	0.77	0.31	"middle"
"orf19.961.2"	"Chr5"		1	2332.62	2109.08	0.9	0.67	0.37	"middle"
"orf19.3967"	"Chr5"	"PFK1"	1	7033.84	6379.34	0.91	0.79	0.65	"middle"
"orf19.6674"	"Chr5"	"BTS1"	1	552.19	501.37	0.91	0.66	0.5	"middle"
"orf19.4005"	"Chr5"	"YDR196"	1	712.21	650.97	0.91	0.84	0.24	"middle"
"orf19.4147"	"Chr5"	"GLR1"	1	3676.04	3363.44	0.91	0.81	0.28	"middle"
"orf19.3998"	"Chr5"		1	450.33	412.7	0.92	0.23	0.28	"middle"
"orf19.4014"	"Chr5"	"CDC102"	1	446.89	409.96	0.92	0.83	0.67	"middle"
"orf19.4044"	"Chr5"	"MUM2"	1	636.53	586.98	0.92	0.69	0.5	"middle"
"orf19.4316"	"Chr5"		1	773.21	713.29	0.92	0.67	0.28	"middle"
"orf19.4227"	"Chr5"		1	630.16	581.36	0.92	0.86	0.12	"middle"
"orf19.6679"	"Chr5"	"ALD1"	1	537.9	496.46	0.92	0.52	0.22	"middle"
"orf19.944"	"Chr5"	"IFG3"	1	1548.94	1430.81	0.92	0.78	0.39	"middle"
"orf19.6291"	"Chr5"	"FUN30"	1	2206.36	2044.52	0.93	0.88	0.38	"middle"
"orf19.4286"	"Chr5"		1	514.99	477.94	0.93	0.84	0.65	"middle"
"orf19.3196"	"Chr5"		1	431.76	400.71	0.93	0.79	0.81	"middle"
"orf19.2643"	"Chr5"	"RPO26"	1	3514.61	3267.14	0.93	0.68	0.24	"middle"
"orf19.2639.1"	"Chr5"	"MRPL20"	1	905.85	842.6	0.93	0.83	0.69	"middle"
"orf19.5682"	"Chr5"	"SRP1"	1	1147.04	1068.83	0.93	0.59	0.67	"middle"
"orf19.4221"	"Chr5"	"ORC4"	1	702.5	654.9	0.93	0.54	0.53	"middle"
"orf19.4025"	"Chr5"	"PRE1"	1	4591	4298.67	0.94	0.77	0.44	"middle"
"orf19.6296"	"Chr5"	"SNF8"	1	430.35	403.72	0.94	0.73	0.73	"middle"
"orf19.3988"	"Chr5"		1	510.56	480.37	0.94	0.82	0.59	"middle"
"orf19.605"	"Chr5"		1	413.37	390.35	0.94	0.77	0.82	"middle"
"orf19.1121"	"Chr5"		1	2561.76	2422.86	0.95	0.91	0.76	"middle"
"orf19.3894"	"Chr5"		1	646.51	611.53	0.95	0.83	0.78	"middle"
"orf19.4307"	"Chr5"	"FTI1"	1	684.26	650.59	0.95	0.93	0.51	"middle"
"orf19.3929"	"Chr5"		1	774.11	737.47	0.95	0.9	0.71	"middle"
"orf19.3916"	"Chr5"		1	898.96	857.81	0.95	0.9	0.63	"middle"
"orf19.6672"	"Chr5"	"MDJ1"	1	6130.54	5857.08	0.96	0.94	0.86	"middle"
"orf19.4248"	"Chr5"		1	3918.23	3745.65	0.96	0.9	0.51	"middle"
"orf19.3973"	"Chr5"		1	1633.09	1566.74	0.96	0.9	0.59	"middle"
"orf19.1124"	"Chr5"	"DPH52"	1	1481.19	1422.99	0.96	0.92	0.61	"middle"
"orf19.6287"	"Chr5"	"AAT2"	1	1853.44	1781.27	0.96	0.93	0.73	"middle"
"orf19.972"	"Chr5"		1	342.85	330.26	0.96	0.82	0.81	"middle"
"orf19.6284"	"Chr5"	"SRP102"	1	808.7	779.34	0.96	0.88	0.86	"middle"
"orf19.4144"	"Chr5"		1	851.8	823.27	0.97	0.94	0.75	"middle"
"orf19.4143"	"Chr5"	"FYV7"	1	456.01	442.5	0.97	0.92	0.83	"middle"
"orf19.3935"	"Chr5"		1	578.68	561.6	0.97	0.92	0.86	"middle"
"orf19.4228"	"Chr5"		1	1105.14	1073.58	0.97	0.91	0.73	"middle"
"orf19.580"	"Chr5"		1	433.64	421.3	0.97	0.86	0.87	"middle"
"orf19.2640"	"Chr5"	"FUR1"	1	1927.15	1883.16	0.98	0.95	0.85	"middle"
"orf19.3212"	"Chr5"	"MID1"	1	995.13	973.51	0.98	0.9	0.89	"middle"
"orf19.4134"	"Chr5"		1	706.12	691	0.98	0.89	0.91	"middle"
"orf19.4349"	"Chr5"	"KRE12"	1	2371.79	2328.12	0.98	0.95	0.86	"middle"
"orf19.1954"	"Chr5"	"PUS4"	1	962.16	944.7	0.98	0.95	0.93	"middle"
"orf19.4232"	"Chr5"	"PTH1"	1	1004.21	988.16	0.98	0.95	0.96	"middle"
"orf19.606"	"Chr5"		1	678.62	669.32	0.99	0.94	0.9	"middle"
"orf19.6667"	"Chr5"	"(SAP30)"	1	1369.41	1353.65	0.99	0.97	0.94	"middle"
"orf19.1123"	"Chr5"		1	323.58	319.99	0.99	0.96	0.96	"middle"
"orf19.3173"	"Chr5"	"SSP120"	1	1776.86	1757.52	0.99	0.98	0.87	"middle"
"orf19.6293"	"Chr5"	"EMP24"	1	3787.48	3760.9	0.99	0.96	0.96	"middle"
"orf19.4054"	"Chr5"	"CTA24"	1	11571.53	11527.8	1	0.99	0.99	"middle"
"orf19.3159.4"	"Chr5"	"UTP20"	1	423.82	422.62	1	0.99	0.98	"middle"
"orf19.3939"	"Chr5"		1	436.34	438.7	1.01	0.99	0.98	"middle"
"orf19.3908"	"Chr5"		1	1238.26	1247.39	1.01	0.98	0.95	"middle"
"orf19.3184"	"Chr5"	"SFT2b"	1	2292.31	2335.7	1.02	0.96	0.9	"middle"
"orf19.4252"	"Chr5"	"BUD32"	1	579.28	590.42	1.02	0.92	0.92	"middle"
"orf19.4026"	"Chr5"	"HIS1"	1	5451.76	5568.04	1.02	0.9	0.91	"middle"
"orf19.4055"	"Chr5"	"YBR075W"	1	513.22	524.48	1.02	0.93	0.82	"middle"
"orf19.607"	"Chr5"	"RAD26"	1	1021.62	1049.63	1.03	0.94	0.79	"middle"
"orf19.3215"	"Chr5"		1	470.67	484.15	1.03	0.91	0.94	"middle"
"orf19.6285"	"Chr5"	"GLC7"	1	1697.39	1750.56	1.03	0.86	0.8	"middle"
"orf19.4339"	"Chr5"	"VSP4/VPS4"	1	829.59	859.26	1.04	0.94	0.88	"middle"
"orf19.1280"	"Chr5"	"SUI1"	1	8408.21	8759.58	1.04	0.94	0.79	"middle"
"orf19.4292"	"Chr5"	"PEP12"	1	693.44	724.05	1.04	0.89	0.76	"middle"
"orf19.3171"	"Chr5"	"ACH1"	1	3886.19	4061.08	1.05	0.85	0.69	"middle"
"orf19.6286.2"	"Chr5"	"RPS27"	1	444.55	465.08	1.05	0.86	0.67	"middle"
"orf19.3922"	"Chr5"	"SDT1"	1	1734.08	1821.19	1.05	0.93	0.83	"middle"
"orf19.6286"	"Chr5"	"RPS27"	1	17181.15	18053.3	1.05	0.82	0.72	"middle"
"orf19.4216"	"Chr5"	"HSP122/HSP12"	1	5189.58	5473.59	1.05	0.93	0.55	"middle"
"orf19.2225"	"Chr5"	"UBC13"	1	3037.54	3207.45	1.06	0.87	0.65	"middle"
"orf19.1957"	"Chr5"	"CYC3"	1	2029.41	2149.03	1.06	0.85	0.66	"middle"
"orf19.592"	"Chr5"		1	1131.04	1205.63	1.07	0.85	0.65	"middle"
"orf19.933"	"Chr5"	"UBC14"	1	2715.83	2905.55	1.07	0.82	0.67	"middle"
"orf19.3163"	"Chr5"		1	456.05	491.16	1.08	0.67	0.62	"middle"
"orf19.3214"	"Chr5"		1	801.53	868.72	1.08	0.7	0.34	"middle"
"orf19.3983"	"Chr5"		1	2617.87	2841.4	1.09	0.81	0.69	"middle"
"orf19.4246"	"Chr5"	"YKR070W"	1	1565.9	1707.2	1.09	0.82	0.74	"middle"
"orf19.4247"	"Chr5"		1	674.45	744.47	1.1	0.76	0.58	"middle"
"orf19.603"	"Chr5"	"IMP4"	1	3124.86	3455.53	1.11	0.63	0.5	"middle"
"orf19.4284"	"Chr5"	"PCH1/BUR2"	1	1271.14	1406.32	1.11	0.85	0.55	"middle"
"orf19.935"	"Chr5"	"AGA1"	1	2059.75	2287.79	1.11	0.81	0.14	"middle"
"orf19.1979"	"Chr5"	"GIT3/GIT1"	1	1146.99	1281.2	1.12	0.74	0.56	"middle"
"orf19.4132"	"Chr5"		1	12883.08	14482.55	1.12	0.84	0.83	"middle"
"orf19.4230"	"Chr5"	"PRE4"	1	930.09	1045.91	1.12	0.73	0.58	"middle"
"orf19.3168"	"Chr5"	"RPN8"	1	2211.14	2527.5	1.14	0.81	0.16	"middle"
"orf19.599"	"Chr5"		1	424.66	488.21	1.15	0.6	0.44	"middle"
"orf19.2655"	"Chr5"	"BUB3"	1	1927.65	2216.45	1.15	0.83	0.49	"middle"
"orf19.4146"	"Chr5"	"SMD3"	1	1315.99	1513.26	1.15	0.7	0.45	"middle"
"orf19.596.1"	"Chr5"	"NOP10"	1	1977.53	2283.97	1.15	0.62	0.57	"middle"
"orf19.3991"	"Chr5"		1	2126.34	2457.82	1.16	0.76	0.34	"middle"
"orf19.1940"	"Chr5"	"CAT5"	1	1001.46	1166.35	1.16	0.44	0.27	"middle"
"orf19.1107"	"Chr5"		1	1076.38	1316.57	1.22	0.81	0.53	"middle"
"orf19.2651"	"Chr5"	"TEF4"	1	14415.19	17665.95	1.23	0.74	0.35	"middle"
"orf19.1927"	"Chr5"		1	521.3	641.44	1.23	0.25	0.38	"middle"
"orf19.1953"	"Chr5"		1	527.98	670.44	1.27	0.48	0.54	"middle"
"orf19.597"	"Chr5"	"BNA4"	1	2794.46	3578.87	1.28	0.13	0.06	"middle"
"orf19.3169"	"Chr5"		1	1400.15	1819.67	1.3	0.58	0.24	"middle"
"orf19.612"	"Chr5"		1	1003.81	1306.07	1.3	0.66	0.22	"middle"
"orf19.590"	"Chr5"		1	2471.01	3259.53	1.32	0.6	0.26	"middle"
"orf19.1117"	"Chr5"	"FDH3"	1	964.33	1306.75	1.36	0.52	0.26	"middle"
"orf19.3195"	"Chr5"	"GAP3/HIP1"	1	2044.61	2834.2	1.39	0.47	0.24	"middle"
"orf19.5686"	"Chr5"		1	4669.8	6509.4	1.39	0.66	0.21	"middle"
"orf19.4220"	"Chr5"		1	615.16	860.35	1.4	0.14	0.19	"middle"
"orf19.4304"	"Chr5"	"GAP1"	1	495.37	697.81	1.41	0.47	0.35	"up05"
"orf19.3932"	"Chr5"		1	3722.38	5252.33	1.41	0.37	0.21	"up05"
"orf19.3934"	"Chr5"	"CAR1"	1	1374.12	2219.96	1.62	0.37	0.26	"up05"
"orf19.6659"	"Chr5"	"GAP5"	1	3018.48	5126.24	1.7	0.31	0.07	"up05"
"orf19.3923"	"Chr5"	"PGA37"	1	1221.64	2500.03	2.05	0.37	0.17	"up05"
"orf19.4015"	"Chr5"	"GPA1/CAG1"	1	330.53	1004.34	3.04	0	0	"up05"
